Your rank,Your decision,Task ID,Task,Category,Why it matters,Completion criteria,Status,Waiting on,Related prerequisites,Your notes
,,#203,Keep access when one of a member’s two subscriptions ends,Testing gaps,"A member with two confirmed subscriptions should retain Elevated access when only one is canceled. The reconciliation code checks for another confirmed checkout, but its multi-subscription behavior is not covered by the integration fixture.","- An integration fixture seeds two confirmed subscriptions for one member
- Reconciliation forfeits the canceled subscription without downgrading the member while the other remains confirmed
- Access becomes Free only after the remaining subscription ends",Suggested,,#141,
,,#205,Alert staff when the entire membership review sweep cannot start,Next steps,Per-subscription failure alerts cannot advance when the database connection or shared Stripe client fails before the sweep reaches any subscription. A prolonged global outage could leave every founding subscription unchecked.,"- Persistent startup-level sweep failures are visible only to staff, without member payment details.
- A later healthy sweep automatically resolves the global warning.
- Brief outages do not alert staff.",Suggested,,#139,
,,#206,Notify the owner when billing review failures continue without a membership-page visit,Next steps,Repeated founding subscription review failures currently appear only on the staff membership page. An owner who does not open that page may miss a long-running billing review outage.,"- An owner receives one private notification when a subscription first crosses the persistent-failure threshold, without payment details.
- Retries do not send duplicate notices; recovery resolves the outstanding notification.
- Members cannot see the notification or its metadata.",Suggested,,#139,
,,#207,Keep a slow earlier profile request from replacing a newer save,Next steps,"The current protection handles replies received out of order after the server committed them. If the first PATCH itself reaches the database after a second PATCH, the old details can still be stored last.","- Profile writes use an explicit version or comparable concurrency control at the API boundary
- A delayed older server-side write cannot replace a newer committed edit
- The member sees a clear conflict or safe retry path",Suggested,,#143,
,,#208,Show profile changes made in another tab without stale details,Next steps,"The profile query has no explicit cross-tab freshness path. After one tab saves a new name or bio, another open tab may keep showing cached information until it reloads.","- A second signed-in tab refreshes its profile after a change made in the first tab
- In-progress form edits are not silently overwritten during refresh
- A two-tab check covers the visible name and bio",Suggested,,#143,
,,#209,Review older profile-check accounts before removing them,Incomplete scope,"Profile checks run before explicit Clerk fixture marking may have left accounts behind. The safe cleanup lists matching unmarked identities and their linked development user rows for manual review, but deliberately never deletes them based on an email pattern alone.","- Establish independent ownership proof for each legacy account before removal; if proof is absent, leave it untouched
- Remove only proven disposable development Clerk identities and their matching development user rows without affecting members",Suggested,,#144,
,,#210,Catch unsafe profile cleanup before it deletes member data,Testing gaps,The profile cleanup has predicate tests but no isolated integration check of the deletion transaction when unrelated data is linked to a marked identity.,"- Exercise dry run and delete against isolated development Clerk and database fixtures
- Verify unmarked, young, changed, and linked-to-real-content identities are never removed, while a marked stale profile account is removed on repeatable cleanup",Suggested,,#144,
,,#211,Catch changes to Stripe’s billing links before members lose access,Testing gaps,"The membership browser test uses a mocked Stripe portal session URL. If Stripe changes the shape of real session links, the frontend's deliberately narrow safety check could block legitimate members from managing billing.","- A safe integration check obtains a real test-mode billing portal session URL without opening or publishing a session to a member
- The resulting URL is checked against the membership page's trusted destination rules, without weakening its host, HTTPS, or session-path protections
- The check fails clearly when Stripe's URL format changes",Suggested,,#145,
,,#212,Keep paid checkout counts accurate when a return link is delayed or browser storage is blocked,Analytics,"The membership page now requires a checkout marker in the same browser tab to count a confirmed return. A member using a browser that blocks session storage will be undercounted, while a very old unconsumed marker could still misattribute a delayed success link. Evaluate a privacy-safe server-verified checkout-session correlation so the browser counts only the corresponding newly paid checkout, without sending account or session identifiers to analytics. Read the project-analytics skill before editing.","- A return is attributed to the exact checkout confirmed by the server, even if session storage is unavailable
- A stale success link cannot count an unrelated confirmed membership even when an old checkout marker exists
- Analytics still sends only a fixed membership kind, and checkout/return harness tests cover both cases",Suggested,,#142,
,,#227,Catch unguarded live checks that write through the browser alone,Testing gaps,"The source check identifies live database fixtures through direct database imports, pg, or Clerk createUser calls. A future live browser spec might write application data exclusively through its UI or API without those signatures and escape classification.","- Extend the database-free source check to identify browser-only live writes without requiring guards for mock-only specs.
- Add source-check regression cases for a browser-only write with and without an early development-target guard.",Suggested,,#157,
,,#228,Catch a late draft write after an Audit is saved,Testing gaps,"The existing failed-save browser check confirms the next form is blank, but does not force a form-change callback during the short interval between a successful response and navigation. A deterministic regression would catch a late autosave reintroducing completed answers.","- A browser test exercises a form change during the save-to-navigation transition and confirms neither the local nor online unfinished draft contains the completed answers.
- A failed save still retains its answers and submission ID.",Suggested,,#156,
,,#229,Keep Audit retry IDs stable when browser storage fails,Maintenance,"When signed-in draft storage throws, the form can still submit with a fresh generated ID, but a later reload cannot recover that ID. An ambiguous server response can therefore create a second retake on retry in storage-restricted browsers.","- A member is clearly warned if reliable retry protection cannot be kept across reloads.
- An in-page retry uses the original ID and an ambiguous response never silently creates a new retake.",Suggested,,#156,
,,#230,Confirm startup repair recovers after a failed legacy migration,Testing gaps,The tests separately cover a failing SQL migration and concurrent successful startup repairs. They do not confirm that a startup repair waiting behind a failed SQL migration continues after that migration rolls back.,"- Run the SQL migration and startup repair on separate connections against one private legacy schema; keep public tables untouched.
- Force the migration to fail after its table lock and a data update, then verify rollback leaves rows and index unchanged.
- Verify the waiting startup repair merges duplicates and installs uniqueness.",Suggested,,#159,
,,#232,Prevent direct progress cleanup calls from skipping the development check,Maintenance,"The command entrypoint checks the development target before importing the database, but the exported progress-leftovers helper can be invoked independently by another caller. Keep the helper testable while preventing a future direct caller from accidentally operating on an unverified database.","- Direct calls cannot perform database work without a verified development target, or the unguarded helper is made inaccessible outside a guarded boundary
- Focused tests cover a direct invocation with an unsafe target",Suggested,,#158,
,,#233,Restore enrollment signups safely when an old index blocks repair,Next steps,"The startup repair and migration now reject a misleading index with the expected name rather than silently accepting duplicate signups. An affected installation needs a deliberate recovery procedure, especially if the old index has schema dependencies.","- Provide a safe, documented operator path to inspect dependencies and replace an incompatible enrollment index without dropping unrelated constraints.
- Re-run the duplicate merge and verify new duplicate signups are rejected before service resumes.
- Cover recovery using isolated legacy schemas, not the workspace public enrollment data.",Suggested,,#160,
,,#234,Keep an aged Audit unsaved when its current version cannot load,Testing gaps,"Add a focused real-Clerk browser regression for the expired pending Audit review when GET /api/users/me/radiant-audit fails temporarily. Confirm the member cannot consent or trigger a PUT until the current Audit loads successfully, including after a reload and retry. Use disposable development identities and cleanup. Relevant files: artifacts/edu-portal/tests/radiant-audit-live.spec.ts and artifacts/edu-portal/src/pages/radiant-audit.tsx.",Not separately listed in the task record; see the description in Why it matters.,Suggested,,#162,
,,#235,Confirm first-time members review an aged Audit before saving,Testing gaps,"Add a real-Clerk browser check for an expired pending Audit when the authenticated member has no current saved Audit. Ensure the page says it will create a new Audit, does not write before explicit consent, and the confirmed save belongs only to the signed-in member. Existing simulated checks cover legacy undated attempts, but the live suite currently checks only members who already have a saved Audit. Relevant files: artifacts/edu-portal/tests/radiant-audit-live.spec.ts and artifacts/edu-portal/src/pages/radiant-audit.tsx.",Not separately listed in the task record; see the description in Why it matters.,Suggested,,#162,
,,#236,Confirm an aged signed-in Audit retry stays safe with real member sign-ins,Testing gaps,"Use the live Clerk browser setup in artifacts/edu-portal/tests/radiant-audit-live.spec.ts to verify a signed-in form attempt older than the seven-day server receipt window does not send a PUT until a fresh current Audit GET succeeds and the member explicitly chooses a new save. Cover a failed GET, a current Audit, and a new submission ID. The mock-auth browser coverage is in artifacts/edu-portal/tests/radiant-audit.spec.ts; this is distinct from the pending signup Audit live test.",Not separately listed in the task record; see the description in Why it matters.,Suggested,,#161,
,,#237,Measure when members choose to save an aged Audit as a new attempt,Analytics,"Read the project-analytics skill before editing. In artifacts/edu-portal/src/pages/radiant-audit.tsx, instrument the signed-in expired retry review and explicit new-save choice through the existing safe analytics wrapper in artifacts/edu-portal/src/lib/analytics.ts. Track only anonymous event names and whether a current Audit was present; never send answer text, email, member ID, or the submission ID. Add focused tracking assertions in artifacts/edu-portal/tests/radiant-audit.spec.ts.",Not separately listed in the task record; see the description in Why it matters.,Suggested,,#161,
,,#238,Keep enrollment offline when Stripe startup synchronization fails,Testing gaps,"The startup test now checks enrollment repair and content backfill failures, but Stripe migration, webhook registration, and synchronization happen after those stages. A regression in the ordering of those stages could serve enrollment while billing initialization is incomplete.","- Inject a controlled failure or pause into a Stripe startup synchronization stage.
- Confirm enrollment stays unreachable before and after failure, and a clean retry starts normally.",Suggested,,#164,
,,#239,Clear saved resume links when a lesson is returned to draft,Next steps,"Startup repair clears old invalid enrollment pointers, and enrollment responses already hide them. But editing a published lesson marks it draft while the server is running, leaving its stored resume pointers stale until restart. Clear those pointers when editorial changes unpublish a lesson, without altering completed progress.","- Editing a published lesson to draft clears affected enrollment resume pointers in the same transaction
- Other course pointers and completed progress are unchanged
- Isolated tests cover the edit and rollback paths",Suggested,,#163,
,,#240,Explain uncertain announcement posts before members refresh,Next steps,"The recovery notice appears after a refresh, but a member whose announcement request loses its reply may stay on the open form and see only a generic error. Show the same cautious retry-versus-edit guidance immediately after an uncertain network failure, without suggesting a confirmed server rejection might already be live.","- Uncertain post failures show a pending confirmation note while the member remains on the form
- Retrying unchanged content keeps the same request key; editing starts a separate post",Suggested,,#165,
,,#241,Measure how members resolve recovered announcements,Analytics,"A recovered announcement can be retried unchanged or edited into a new post, but there is no measurement of which path members take. Read the project-analytics skill before editing, and keep post text, account identifiers, and request keys out of events.","- Track aggregate retry and edit actions on recovered announcements using safe custom events
- Analytics errors cannot block posting",Suggested,,#165,
,,#242,Keep the next member’s announcement draft when an earlier post finishes late,Testing gaps,A post started by member A could complete after the same tab switches to member B. The announcement form’s success callback currently clears the pending entry and form without checking the current author; this may erase B’s new draft. This is separate from testing a saved A entry on B’s page.,"- A live signed-in browser check holds A’s post response, switches to B in the same tab, starts B’s draft, releases A’s response, and verifies B’s draft and request key remain intact
- If the check reveals loss, guard the stale mutation callback and clean up test identities/posts",Suggested,,#166,
,,#243,Catch missing or misattributed rows in the older community account review,Testing gaps,"The read-only review currently has predicate tests, but its paginated Clerk scan and announcement-to-activity database joins are not exercised with a controlled fixture. A regression could omit a row or attribute it to the wrong account during a human review.","- A controlled test verifies pagination, unmarked versus marked identities, and source-linked activity association in the report
- The test confirms the command performs no Clerk or database deletions
- No existing community content is modified by the check",Suggested,,#167,
,,#244,Prevent a late community post from surviving account cleanup,Maintenance,"The community fixture cleaner checks posts and then deletes them in a transaction, but another request can add a post for the same actor while cleanup runs. Announcements use an actor ID without a foreign key, so a late post could remain after the account is removed.","- A concurrency-safe check prevents a late post from being stranded or deleting content that appeared after validation
- A controlled race test proves the behavior without touching real members",Suggested,,#168,
,,#245,Confirm community cleanup can be retried after a Clerk outage,Testing gaps,"Database rows are deleted before Clerk is called, so a failed remote deletion leaves a marked identity to retry. A regression could strand that identity or prevent a later cleanup attempt.","- An isolated integration test simulates Clerk deletion failure after database cleanup and then a successful retry
- Neither the failed attempt nor the retry touches an unrelated announcement or activity",Suggested,,#168,
,,#246,Let staff acknowledge historical announcement display names without guessing a source link,Next steps,"The production posts 1 and 3 show the long Nikki byline while their existing feed entries 3 and 7 use the short historical Nikki label. The decision in docs/announcement-activity-reconciliation.md is to preserve both labels and not infer a source link without independent evidence. Today artifacts/api-server/src/lib/reconcile-announcement-activity.ts and the staff review queue continue flagging these as unresolved on every startup. Add an auditable staff acknowledgement for an author-label discrepancy that does not set source_announcement_id, does not hide any potentially missing feed rows without review, and does not allow a new feed post to be inserted on a title match. Keep the ability to attach a source link later if independent evidence is obtained. Relevant UI: artifacts/edu-portal/src/pages/announcement-activity-review.tsx.",Not separately listed in the task record; see the description in Why it matters.,Suggested,,#169,
,,#247,Confirm published repair results appear after the next API publish,Testing gaps,"The September 27 pre-listen summary could not be found in deployment logs. The API now emits the committed result after the first health-check response, and this was confirmed locally, but production indexing cannot be verified until a future publish. After the next API publish, search Publishing logs for `Legacy announcement activity reconciliation` and check that both `repairedIds` and `review` are present alongside the first `/api/healthz` request. Verify no duplicate summary on subsequent checks; if indexing still omits it, investigate the deployment log collector instead of inferring a repair from row counts. Relevant: `artifacts/api-server/src/index.ts`, `artifacts/api-server/src/routes/health.ts`, `docs/announcement-activity-reconciliation.md`. Do not publish solely for this check.",Not separately listed in the task record; see the description in Why it matters.,Suggested,,#170,
,,#248,Keep a reviewed lesson available when its selected copy is unpublished,Testing gaps,"A course can contain two published exact approved copies. If the lower-ID selected copy is later unpublished, the remaining published copy should become visible without incorrectly carrying over completion or resume state for the old copy. This transition is not exercised by the current regression.","- Confirm listing and direct access switch to the remaining published copy after the selected copy is unpublished
- Confirm resume and completion counts do not treat completion of the unpublished copy as completion of the newly visible copy",Suggested,,#171,
,,#249,Clear old visitor Audit answers left in an open tab,Next steps,"The signed-in draft now expires on site startup, but visitor Audit answers staged in sessionStorage can remain in a tab indefinitely because reading them does not enforce a retention window. These answers may include an email and personal reflections.","- Define an appropriate lifetime for staged visitor answers without silently refreshing older submissions' retry age
- Remove expired or malformed staged visitor records on a later visit even if the visitor does not open the Audit page
- Cover retention and preservation of current visitor answers in a browser regression",Suggested,,#173,
,,#250,Prevent renaming a reviewed course from exposing hidden lessons,Next steps,"Standalone lesson visibility currently recognizes approved courses by their exact title. If a published approved course is renamed while it still contains review-hidden published rows, ordinary-course handling could expose those rows across course lists, enrollments, and the dashboard. Preserve the review boundary independently of a mutable title.","- Renaming a reviewed standalone course cannot make its hidden published lessons visible.
- An approved lesson remains visible only while its reviewed copy is intact.
- Regression covers rename before and after editorial copy changes.",Suggested,,#174,
,,#251,Confirm a real member can continue after a course outline outage,Testing gaps,The isolated lesson browser test stubs enrollment and outline requests. A separate authenticated integration check would catch server/session or query-refresh behavior that the stub cannot exercise.,"- With an authenticated member and real progress endpoint, confirm a successful save remains completed after an outline request fails and recovers.
- Confirm Continue reaches the next lesson without a second progress request.",Suggested,,#176,
,,#252,Confirm a late draft response cannot show the previous member's answers,Testing gaps,"The same-browser live check covers a settled online draft and stale local copy, but does not delay the first member's in-flight online draft response until after the second member signs in. A late reply could briefly populate the wrong form.","- A development-guarded real-session regression holds the first member's draft GET across an account switch in one browser
- Neither a brief nor persistent display of that member's answers occurs for the second member
- Disposable members and drafts are cleaned up on success or failure",Suggested,,#175,
,,#253,Keep an Audit draft choice current when a third device edits again,Next steps,"The conflict panel displays an online snapshot. If a third device changes or discards that draft while the panel stays open, choosing the online version may adopt the older snapshot. Refresh or conditionally verify the remote revision before accepting that choice, while preserving local answers.","- An online-choice click never silently adopts an older snapshot after another change
- The member can compare the latest remote version and choose explicitly",Suggested,,#177,
,,#254,Warn when an idle Audit cannot check its online draft for a while,Next steps,"The periodic freshness check silently retries read failures. If connectivity stays down, someone editing on another device has no indication that this tab is no longer receiving draft updates until they try to save. Show a non-blocking stale-connection notice after sustained failures, and clear it on recovery without replacing local answers.","- Transient read failures do not interrupt editing
- A sustained inability to check online changes is visible and recovers cleanly",Suggested,,#177,
,,#255,Confirm a paid checkout is restored after Stripe later marks it complete,Testing gaps,"An untracked checkout can be reported as paid while still open. Expiration recovery must clear its cleanup retry without expiring it. Once Stripe later reports it complete, the separate paid-checkout reconciliation path should restore membership, even though the expiration retry is gone.","- A test starts with an untracked paid-but-open checkout whose expiration retry is cleared without expiration
- When that same Stripe session becomes complete, paid reconciliation restores the membership once",Suggested,,#179,
,,#256,Confirm rapid Audit draft choices cannot be counted twice,Testing gaps,"The new conflict events are guarded against repeated choices, but the focused regressions only click each successful choice once. Test rapid repeated clicks and an account change during a pending online save to catch duplicate or wrong-account resolution events.","- A controlled delayed-save browser regression double-clicks the local choice and verifies one successful resolution event
- Switching accounts while the save is pending does not emit a resolution event for the old conflict
- Tracking contains only fixed categorical data and no draft answers or account identifiers",Suggested,,#178,
,,#258,Prevent old verification credit after another account saves an Audit,Testing gaps,"An Audit verification marker for one account remains in session storage when a different verified account saves successfully. If the first account later saves in the same browser session, its older verification action may be credited to that later save even though the recovery flow was abandoned. Decide when to expire or clear stale markers while preserving a genuine same-account recovery.","- A later save from the original account does not claim an unrelated earlier verification attempt after another account completed a save.
- Same-account verification recovery still counts exactly once, with fixed labels and no identity or answer content in analytics.",Suggested,,#181,
,,#259,Keep one failed community fixture deletion from blocking cleanup of other fixtures,Next steps,"The cleanup loop currently stops on the first Clerk deletion failure. Other independently verified, aged marked fixtures later in the list must wait for another invocation even though their cleanup could proceed safely.","- A failed Clerk deletion is reported without hiding the error or treating the failed identity as removed.
- Other eligible fixtures can still be processed, and a later retry safely finishes the failed one.
- Isolated tests cover multiple eligible fixtures and preservation of unmarked or too-new identities.",Suggested,,#182,
,,#260,Alert staff when an old checkout repeatedly cannot be cleaned up,Next steps,"The orphan sweep now isolates and logs each failed session, but a permanently failing Stripe lookup or invalid reservation identifier can still leave its checkout link open indefinitely without anyone noticing. This is separate from billing review alerts and from the manual single-checkout retry already planned.","- Repeated per-session cleanup failures are surfaced to staff with the Stripe session ID and failure context, without exposing private checkout details publicly.
- Resolved or expired sessions stop triggering alerts; the scan continues to protect tracked and paid sessions.",Suggested,,#183,
,,#261,Confirm old-checkout cleanup resumes after Stripe listing fails,Testing gaps,"A Stripe listing outage should release the database advisory lock, so the next scheduled attempt can clean up an eligible orphan rather than silently skipping every scan.","- Simulate a listing failure after the lock is acquired
- Verify a later attempt can list and expire an untracked open checkout",Suggested,,#184,
,,#262,Keep a second server from scanning while old checkouts are paginated,Testing gaps,The concurrent coverage pauses the first listing call. A separate pagination case would catch a regression that releases the advisory lock between Stripe pages and lets two servers expire the same later-page sessions.,"- Hold a later Stripe page while an earlier page has completed
- Verify another recovery attempt neither lists nor expires sessions until the entire scan releases the lock",Suggested,,#184,
,,#263,Confirm a failed sign-in still preserves Audit answers after a reload,Testing gaps,The development browser check now covers a rejected existing-account sign-in code and a successful retry without leaving the sign-in screen. A reload after the rejection may reset Clerk's verification attempt while the Audit answers must remain staged. This is distinct from the queued failed-signup reload check.,"- Stage unique signed-out Audit answers, enter a wrong code for a disposable development account, then reload before retrying sign-in.
- Confirm pending answers are unchanged and no Audit write occurred; finish verification and confirm exactly one save to the intended account.
- Clean up development rows and the disposable Clerk identity without accessing production data.",Suggested,,#185,
,,#264,Keep staged Audit answers separate across simultaneous signup tabs,Testing gaps,The wrong-code-and-reload check covers one tab. Two unfinished signup tabs could have different answers while Clerk authentication state changes across tabs. Confirm a verified account cannot silently receive the other tab’s answers.,"- In development only, stage distinct Audit answers in two tabs with disposable identities.
- Verify one signup and check that no answers from the other tab are saved to that identity; any mismatched pending Audit needs explicit review.
- Remove the test rows and both disposable Clerk identities, including on assertion failure.",Suggested,,#186,
,,#265,Keep an existing membership safe when a second paid checkout is recovered,Testing gaps,The recovery path rejects a different paid checkout if the member already has a confirmed membership. Protect the existing membership and make the conflict observable in an integration test.,"- Create two distinct paid Stripe sessions for one test buyer, with one already locally confirmed
- Reconcile the other missing reservation and verify the first membership remains unchanged and no second local confirmation is created
- Verify no Stripe session is incorrectly expired",Suggested,,#189,
,,#266,Confirm paid checkout recovery can retry after Stripe lookup fails,Testing gaps,A temporary Stripe retrieval error must not leave a partially restored membership or prevent a later successful recovery.,"- Simulate a paid session without a local reservation and a transient Stripe lookup failure during recovery
- Verify no partial row or consumed founding place after failure
- Retry webhook delivery or reconciliation after lookup resumes and verify one confirmed row, one founding place, and no extra checkout or expiration",Suggested,,#189,
,,#267,Confirm staff can retry a stalled checkout from the live membership screen,Testing gaps,"The route and static rendering tests do not exercise an authenticated owner or admin clicking the retry button in a browser. A live check would catch broken Clerk role gating, mutation wiring, and alert refresh without risking a real buyer's session.","- Use an isolated disposable overdue checkout fixture with a safely mocked Stripe outcome
- Confirm owner/admin can click Retry cleanup and the alert clears on confirmed resolution
- Confirm ordinary members cannot see the control, and a failed retry leaves the alert visible with an error",Suggested,,#187,
,,#268,Confirm a staff retry and scheduled cleanup cannot both expire one checkout,Testing gaps,"The manual retry and scheduled sweep now share a per-session database lock, but a targeted concurrent test would catch future changes that accidentally bypass that lock. This is distinct from checking two scheduled sweeps.","- Run a paused Stripe response during a staff retry while the scheduled sweep reaches the same queued session
- Confirm there is at most one Stripe expiration call, the second attempt reports busy or skips, and a resolved queue is not retried",Suggested,,#187,
,,#269,Help the owner find the right account before linking a story,Next steps,"The owner must currently know a Clerk account ID when publishing an approved story. Add an owner-only account lookup/selection flow that clearly shows the selected account and requires independent identity verification before saving; do not expose account details on the public story or assume an email match proves subject identity. Relevant files: artifacts/edu-portal/src/pages/member-stories.tsx, artifacts/api-server/src/routes/member-stories.ts, lib/api-spec/openapi.yaml.",Not separately listed in the task record; see the description in Why it matters.,Suggested,,#192,
,,#270,Let the owner correct a mistaken story-subject link without changing past claims,Next steps,"A subject association recorded at publication cannot currently be revoked or corrected. Provide an owner-only correction flow with a private reason and audit trail; do not republish withdrawn stories or retroactively change the match recorded when a removal request was made. Relevant files: lib/db/src/schema/member-stories.ts, artifacts/api-server/src/routes/member-stories.ts, artifacts/edu-portal/src/pages/member-stories.tsx, lib/api-spec/openapi.yaml.",Not separately listed in the task record; see the description in Why it matters.,Suggested,,#192,
,,#271,Confirm an owner can correct a story review in the live portal,Testing gaps,"The route test verifies corrections and privacy with mocked account roles, but does not cover a real signed-in owner's form, refreshed history, and a stale second tab.","- With a disposable story and real owner login, save an initial review and a correction in the portal
- Confirm both decisions and reviewer times survive reload, while the story stays off the public feed
- Confirm an out-of-date second tab must reread the latest review before correcting it
- Clean up disposable story records",Suggested,,#193,
,,#272,Keep one failed story-check cleanup from blocking the remaining fixtures,Next steps,"The development story fixture cleanup stops at the first candidate whose Clerk read, database validation, or deletion fails. This can leave unrelated marked, aged fixtures waiting even though they could be cleaned safely.","- Continue reviewing independent marked, aged development-only candidates when one candidate fails, without weakening identity and story ownership checks.
- Report each failed candidate and return a nonzero status when any failed.
- Preserve failed candidate data for later retry and never include unmarked legacy accounts.",Suggested,,#194,
,,#273,Confirm old story quotes stay hidden after a visitor returns to a suspended tab,Testing gaps,"Extend artifacts/edu-portal/tests/member-stories-live.spec.ts to simulate a background or suspended visitor tab while GET /api/member-stories fails. Verify the landing page hides its formerly loaded quote when the tab resumes, even if background timers were delayed, and restores it only after a successful response. The current outage check exercises a foreground tab.",Not separately listed in the task record; see the description in Why it matters.,Suggested,,#198,
,,#274,Alert staff when the public story feed remains unavailable,Next steps,"The landing page now hides cached quotes when GET /api/member-stories has not refreshed successfully, but a sustained server-side feed outage may go unnoticed by staff. Add an actionable alert for sustained failures of the public story-list endpoint in artifacts/api-server/src/routes and its existing monitoring conventions, without revealing story content or treating a temporary client network outage as a site-wide failure.",Not separately listed in the task record; see the description in Why it matters.,Suggested,,#198,
,,#275,Remove abandoned story-check records without manual cleanup,Maintenance,"The live owner-story check now hides its published test quotes from other visitors even if interrupted, but a killed run can still leave fixture stories and Clerk users in the owner's own private history until someone runs the existing cleanup command. Consider safe, automated expiry for proven disposable fixtures without deleting real member stories.","- Stale, positively identified test stories and accounts are cleaned after interrupted runs without requiring a manual command
- Unmarked or recently created accounts and real member stories are never deleted
- Owner history does not accumulate abandoned test records",Suggested,,#195,
,,#276,Confirm an open visitor page receives a new story after a brief feed outage,Testing gaps,"The current live check covers a feed outage after a story has already loaded. It does not check a visitor whose feed fails before a new story is published, then recovers while the page stays open.","- A signed-out visitor opens the landing and gets an initial public feed response
- The public feed fails while a disposable owner publishes a story
- On recovery, the same visitor page receives the quote and attribution without navigation
- The story and Clerk users are removed on success or failure",Suggested,,#199,
,,#277,Confirm stories published while a visitor tab is hidden appear when they return,Testing gaps,"Browser background throttling can delay refreshes. The live check keeps the visitor tab active, so it cannot catch a newly published story that remains missing when a visitor returns to an already-open background tab.","- A signed-out visitor loads the landing before an owner publishes a disposable story
- The visitor tab is backgrounded during publication and brought back without navigation
- The quote and attribution appear within the public refresh window after return
- Disposable story and Clerk users are removed on success or failure",Suggested,,#199,
,,#278,Review older course-switch check records before removing them,Incomplete scope,"Older browser runs used general Audit fixture metadata and a Private learning title, so their identities and public courses cannot be distinguished from other test or member data by the new automated cleanup. Inventory potential leftovers in development, establish individual ownership and every linked row before any manual removal; never broaden the automatic matcher or touch production.

Relevant files: artifacts/edu-portal/tests/radiant-audit-live.spec.ts, artifacts/edu-portal/tests/course-switch-fixtures-cleanup-core.ts, artifacts/edu-portal/tests/radiant-audit-fixtures.ts",Not separately listed in the task record; see the description in Why it matters.,Suggested,,#200,
,,#279,Confirm course-switch cleanup can resume after an identity deletion outage,Testing gaps,"The cleaner deletes proven fixture database rows before deleting their marked Clerk identities. Add an isolated integration test where one Clerk deletion fails after the database transaction, then rerun cleanup and verify only remaining marked identities are removed, without touching other rows.

Relevant files: artifacts/edu-portal/tests/course-switch-fixtures-cleanup.test.ts, artifacts/edu-portal/tests/course-switch-fixtures-cleanup-core.ts",Not separately listed in the task record; see the description in Why it matters.,Suggested,,#200,
,,#280,Keep lesson completion controls private during an account switch,Testing gaps,"The dashboard and profile course-switch check now protects enrollment summaries, but the lesson view also reads member-specific enrollment state. A late response during a switch could show the former member's completed lesson or continuation control to the new member.","- Use two disposable development Clerk members with distinct published lesson fixtures and a delayed former-member enrollment response
- Check the new member's lesson completion and continuation controls before and after release, including navigation
- Guard production and clean only test-owned fixtures even on failure",Suggested,,#201,
,,#281,Confirm a failed billing refresh does not show outdated cancellation details,Testing gaps,The mounted membership refresh test covers successful responses. A restored tab with previously cached scheduled-cancellation data should not continue presenting that old state if the refreshed membership request fails.,"- Mount the membership page with a scheduled cancellation in the query cache, then dispatch a persisted pageshow event while /api/membership/me fails.
- Check the page shows a clear unavailable-status message rather than stale cancellation or active-access wording, without navigating.",Suggested,,#213,
,,#282,Let staff see which ended memberships still lack a payment-failure reason,Next steps,"Reconciliation persists invoice-history recovery state and logs failed retries, but staff currently have no dedicated view of the still-pending records. A staff-only view would make prolonged invoice outages easier to investigate without querying the database. This is separate from alerts for billing-review failures.","- Authorized staff can see pending ended founding memberships, retry attempt counts, and next retry times.
- The view does not reveal private billing information to members and does not restore forfeited access.",Suggested,,#202,
,,#283,Catch unsafe membership check cleanup before it deletes member data,Testing gaps,"The cleanup command has predicate tests and a clean dry run, but no fixture-backed test that exercises the entire three-system deletion sequence or a failure midway through it.","- Tests prove unmarked or modified Clerk identities, unrelated database rows, and unrelated Stripe invoices/subscriptions cannot be removed.
- Tests prove a failed Stripe or Clerk deletion can be retried safely after the database commit.
- Tests use disposable local/mock resources and do not require production credentials.",Suggested,,#214,
,,#284,Show the correct course status when an enrollment reply is lost,Next steps,"The server safely reuses an existing enrollment after a lost HTTP reply, but the course pages immediately display a failure toast when the first POST rejects. The enrollment may already have committed, leaving the member with a misleading error and stale course status until a refresh.","- On a network/unknown enrollment failure, reconcile with the member's persisted enrollments before saying enrollment failed.
- Show the enrolled state when the course is present; preserve clear access/validation errors when it is not.
- Cover both course list and detail behavior for an interrupted reply.",Suggested,,#216,
,,#285,Catch cleanup that archives the shared test billing entry,Testing gaps,The stale membership fixture cleanup now supports both older per-run catalog entries and a shared free test-only catalog. A regression could archive the shared entry or reject a safe interrupted fixture.,"- A focused automated check covers cleanup of a stale fixture whose subscription uses the shared catalog, without archiving its price or product.
- Legacy per-run product and price still get archived after their fixtures are cleaned up.
- The check uses mocked Stripe and Clerk clients, not live billing.",Suggested,,#215,
,,#286,Protect edited course content during progress cleanup,Next steps,"The inspector checks course and lesson fixture fields before its transaction, but deletes those rows later by ID alone. A concurrent edit could turn a selected fixture into real course content before deletion. Recheck the selected course and lesson values inside the transaction and refuse a partial cleanup if they changed; add a guarded development-database race test.

Relevant files: artifacts/api-server/src/routes/member-progress-leftovers-cli.ts, artifacts/api-server/src/routes/member-progress-leftovers.test.ts, artifacts/api-server/src/routes/test-development-database.ts.",Not separately listed in the task record; see the description in Why it matters.,Suggested,,#217,
,,#287,Preserve changed member records during progress cleanup,Next steps,"The inspector deletes selected member rows with an email guard, but does not check whether each delete matched a row before proceeding to delete a Clerk identity. If a member changes after selection, cleanup could report success despite leaving the member record behind and deleting its identity. Refuse cleanup on a mismatch and cover the race with a development-database fixture and stubbed identity deletion.

Relevant files: artifacts/api-server/src/routes/member-progress-leftovers-cli.ts, artifacts/api-server/src/routes/member-progress-leftovers.test.ts, artifacts/api-server/src/routes/test-development-database.ts.",Not separately listed in the task record; see the description in Why it matters.,Suggested,,#217,
,,#288,Catch activity-only cleanup touching a member or lesson from the same run,Testing gaps,The database-only command deliberately skips Clerk identities and curriculum. A regression could remove another database record that happens to share its run marker.,"- A guarded integration test seeds matching activity, member, and curriculum fixtures for one run.
- Activity-only confirmed deletion removes eligible feed rows but leaves the member and curriculum unchanged.
- The full cleanup path still checks Clerk identities.",Suggested,,#218,
,,#289,Confirm clearing all earlier Audits preserves answers when deletion is rejected,Testing gaps,"The signed-in live checks cover a rejected selected-entry deletion, but not a rejected clear-all request. Verify that a server refusal never removes earlier reflections or claims success, including after reload.","- Development-only signed-in browser check rejects DELETE /api/users/me/radiant-audit/history without committing it
- Both earlier Audits and the current Audit remain visible, and retry guidance is accurate before and after reload
- Disposable Clerk account and rows are cleaned up",Suggested,,#219,
,,#290,Confirm an uncertain current Audit deletion never claims success when status cannot be checked,Testing gaps,Existing live checks cover a rejected current DELETE and a committed current DELETE with a lost reply. The remaining case is an uncertain DELETE followed by a failed current-Audit confirmation GET. The member should see refresh guidance rather than a success claim.,"- Development-only signed-in browser check interrupts the current DELETE and fails its confirming GET
- The dialog does not claim success or permit a blind retry; the actual saved Audit and earlier history are accurate after an unblocked reload
- Disposable Clerk account and rows are cleaned up",Suggested,,#219,
,,#291,Hide the previous member’s Audit immediately when accounts switch without a reload,Next steps,"The history listener follows the new account, but the Audit completion page uses account-independent React Query keys. During an in-place identity change in the same tab, cached Audit answers from the previous member can remain on screen until a refetch. Clear or scope the current and history cache when Clerk identity changes so no prior member content is shown.","- Switching signed-in accounts without reloading immediately hides the old member’s current and earlier Audit content while the new account loads
- The new member’s own Audit then appears, with no cross-account cache reuse
- A browser regression check exercises the transition",Suggested,,#220,
,,#292,Confirm Audit history isolation with real member sign-ins,Testing gaps,The isolated browser harness verifies account-scoped storage events by replacing Clerk with a mock. A small live-auth check should confirm the same privacy boundary when Clerk changes real sessions in a shared browser. Keep disposable fixture accounts and history private and clean them up after the check.,"- A browser test signs in as two disposable members across tabs and checks that deletion updates only the matching account
- Switching the observed session changes which notifications can refresh its history
- The check uses actual Clerk sessions rather than the Audit mock",Suggested,,#220,
,,#293,Confirm an Audit history outage cannot trigger deletion from an outdated list,Testing gaps,A returning member may have a deletion confirmation open when a focus-triggered history refresh fails. The page retains the confirmation and shows an error; a browser regression check should ensure the delete action stays disabled until a successful refresh.,"- Simulate an initial successful history load, then a failed focus refresh while an earlier Audit deletion confirmation is open
- Confirm the original entry ID remains visible, the failure warning is shown, and no deletion request can be sent
- Confirm a later successful refresh restores safe interaction",Suggested,,#221,
,,#294,Keep a saved Audit safe when an old submission is retried after history is cleared,Next steps,"Clearing earlier history currently deletes all submission retry receipts, including the current Audit's receipt. A late retry of a once-committed submission could be applied as a new retake rather than recognized as a duplicate, replacing a newer current reflection. Preserve idempotency without retaining erased written answers unnecessarily.","- A previously committed submission retried after a clear cannot overwrite the current Audit or recreate removed reflections
- Tests verify both privacy of deleted answers and late retry behavior",Suggested,,#222,
,,#295,Show accurate current Audit status when another session deletes it during a history confirmation,Next steps,"The history-clear dialog describes the current Audit as still saved based on the page state when it rendered. If another signed-in session deletes that current Audit while the dialog is open, a history clear may succeed and report the current Audit is saved despite its deletion.","- A history confirmation does not promise to preserve a current Audit that another session already removed
- A two-session regression verifies the resulting current and earlier reflections and accurate member-facing message",Suggested,,#222,
,,#296,Confirm simultaneous owner corrections cannot overwrite a reviewed feed link,Testing gaps,"The correction endpoint serializes changes, but automated checks currently verify only sequential stale requests. A parallel test should prove that when two owners correct the same feed entry at once, one succeeds, the other receives a conflict, and the history contains only the winning correction.","- Run two conflicting correction requests concurrently against the same revision
- Verify exactly one committed assignment and one appended correction, with the previous reviewer and evidence retained
- Confirm the losing owner receives a refreshable conflict response",Suggested,,#223,
,,#297,Remove abandoned announcement review checks without touching real posts,Maintenance,"A terminated live-browser run can leave its disposable historical posts, feed row, and Clerk identities behind because the test's finally block cannot run after process termination. Add a separate development-only, provenance-verified stale-fixture cleanup (with an age threshold and dry-run), matching only identities and records created by the announcement review suite; never delete existing community records by a title match alone. Relevant files: artifacts/edu-portal/tests/announcement-activity-review-live.spec.ts, artifacts/edu-portal/tests/radiant-audit-fixtures.ts, and the existing community fixture cleanup scripts for patterns.",Not separately listed in the task record; see the description in Why it matters.,Suggested,,#224,
,,#298,Confirm old announcement links explain when a post is no longer available,Testing gaps,Add a signed-in browser check for a previously linked activity entry whose announcement is later removed or unavailable. Verify /community#announcement-<id> shows the unavailable message after the async detail request instead of implying a different post was opened. Use the marked disposable account and strict row cleanup in artifacts/edu-portal/tests/announcement-links-live.spec.ts; the fallback is in artifacts/edu-portal/src/pages/community.tsx.,Not separately listed in the task record; see the description in Why it matters.,Suggested,,#226,
,,#307,Confirm one failed billing lookup does not delay other membership updates,Testing gaps,The outage-recovery fixture checks one subscription through targeted sweeps. A separate batch integration check should ensure that a failed Stripe status lookup for one member does not prevent a different canceled membership from losing access during the same sweep.,"- An isolated multi-subscription fixture runs the unfiltered sweep without reading or updating real members.
- One subscription lookup fails and its local access stays unchanged.
- A different canceled subscription is forfeited and downgraded in that same sweep without a Stripe cancellation call.
- All fixtures and failure records are cleaned up on success or failure.",Suggested,,#204,
